{"D3":{"ability":0.081446088,"accomplishment":0.040723044,"achievement":0.081446088,"action":0.0524383337,"adapt":0.0,"adaptability":0.0524383337,"adding":0.0524383337,"adds":0.040723044,"agency":0.0524383337,"agile":0.0524383337,"allows":0.0524383337,"ambiguity":0.0,"ancient":0.0,"approach":0.0,"area":0.0,"areas":0.040723044,"armor":0.040723044,"armored":0.0524383337,"array":0.0524383337,"art":0.0,"ashen":0.0524383337,"atmosphere":0.1048766675,"attack":0.081446088,"balanced":0.040723044,"based":0.0524383337,"basic":0.0,"battles":0.0,"beautiful":0.0524383337,"bonfire":0.0,"bonfires":0.0,"boss":0.040723044,"brink":0.0524383337,"builds":0.040723044,"castle":0.0524383337,"casts":0.0,"celebrated":0.0524383337,"central":0.0524383337,"challenge":0.0,"challenges":0.0,"challenging":0.040723044,"chambers":0.0524383337,"character":0.040723044,"characters":0.040723044,"checkpoints":0.0,"choosing":0.0,"cinder":0.1048766675,"classic":0.040723044,"clues":0.0524383337,"colossal":0.0524383337,"combat":0.040723044,"complexity":0.0524383337,"core":0.0,"countless":0.0,"covenants":0.0524383337,"creates":0.0,"crowning":0.0524383337,"crumbling":0.0524383337,"cryptic":0.081446088,"curiosity":0.0,"curious":0.0524383337,"customization":0.0524383337,"customize":0.0,"cyclical":0.040723044,"dark":0.2621916686,"darkness":0.0524383337,"death":0.0,"decay":0.0524383337,"decaying":0.0,"decision":0.0,"deep":0.0524383337,"deeper":0.0,"deeply":0.0,"deliberately":0.0,"delve":0.0,"demanding":0.0524383337,"demands":0.081446088,"depth":0.0,"descriptions":0.040723044,"design":0.081446088,"despair":0.1048766675,"detailed":0.0,"details":0.0524383337,"dexterity":0.0524383337,"dialogue":0.040723044,"different":0.0,"difficulty":0.040723044,"direction":0.0,"discovering":0.0,"distinct":0.0524383337,"diverse":0.0524383337,"dodge":0.0,"dodges":0.0524383337,"early":0.0,"earned":0.1048766675,"elden":0.0,"embrace":0.040723044,"encounter":0.0524383337,"encounters":0.040723044,"enemies":0.0524383337,"enemy":0.0,"ensures":0.0,"environmental":0.081446088,"epic":0.040723044,"eschews":0.0,"evoke":0.0524383337,"experience":0.040723044,"explicit":0.0524383337,"exploration":0.040723044,"exposition":0.0524383337,"extinguish":0.0524383337,"fading":0.0524383337,"failure":0.040723044,"fallen":0.0,"fast":0.0,"fates":0.0524383337,"feel":0.040723044,"fights":0.0524383337,"finding":0.0,"flame":0.081446088,"flexible":0.0,"focus":0.0524383337,"foes":0.0,"forcing":0.0,"forest":0.0524383337,"formidable":0.0,"fostering":0.0524383337,"fragmented":0.040723044,"fragments":0.0524383337,"game":0.2443382641,"games":0.0,"gaming":0.0,"genre":0.0524383337,"gods":0.0,"hard":0.0524383337,"hauntingly":0.0524383337,"heavily":0.0524383337,"hidden":0.040723044,"history":0.081446088,"hollows":0.0524383337,"iii":0.3447505359,"imitators":0.0,"imposing":0.0524383337,"impression":0.0524383337,"impressive":0.0,"inaccessible":0.0,"indelible":0.0,"inhabitants":0.0524383337,"inspiring":0.0,"interactions":0.0524383337,"interconnected":0.040723044,"interconnectedness":0.0,"interpret":0.0,"intricate":0.081446088,"invite":0.0524383337,"inviting":0.0,"item":0.040723044,"items":0.0524383337,"join":0.0524383337,"kindle":0.0,"kingdom":0.0524383337,"labyrinth":0.040723044,"land":0.0,"landmark":0.0,"landscape":0.0,"lasting":0.0524383337,"layer":0.040723044,"learn":0.0,"learning":0.0,"leaves":0.0524383337,"leaving":0.0524383337,"left":0.040723044,"legendary":0.040723044,"level":0.0524383337,"life":0.0524383337,"like":0.040723044,"limits":0.0524383337,"lord":0.0524383337,"lordran":0.0,"lords":0.0524383337,"lore":0.040723044,"lothric":0.1573150012,"lowly":0.0524383337,"making":0.0,"manage":0.0,"management":0.0524383337,"mark":0.0,"marvel":0.0,"master":0.0524383337,"masterclass":0.040723044,"masterful":0.0524383337,"mastery":0.0,"mechanics":0.0,"mid":0.0,"modern":0.040723044,"monumental":0.0524383337,"mystery":0.0524383337,"mystique":0.0,"narrative":0.040723044,"nature":0.040723044,"network":0.0,"new":0.0,"oblivion":0.0524383337,"offer":0.0524383337,"online":0.0524383337,"onslaught":0.0524383337,"open":0.0,"overcoming":0.0,"palpable":0.0524383337,"parry":0.0,"pathways":0.040723044,"patience":0.040723044,"patterns":0.081446088,"permeates":0.0524383337,"perpetual":0.0,"perseverance":0.040723044,"philosophy":0.0,"piece":0.040723044,"place":0.040723044,"player":0.1221691321,"players":0.2036152201,"playing":0.0524383337,"playstyle":0.0,"playstyles":0.0524383337,"plunges":0.0524383337,"pose":0.0,"powerful":0.0,"precise":0.0524383337,"precision":0.0,"predecessors":0.0524383337,"preferred":0.0,"presence":0.0524383337,"previously":0.0,"profound":0.040723044,"progenitor":0.0,"progression":0.040723044,"punishes":0.0,"punishing":0.0,"pushing":0.0524383337,"reaching":0.0,"real":0.0,"realm":0.0,"recklessness":0.0,"reinforcing":0.0,"relentless":0.0524383337,"relying":0.0,"remain":0.0,"remains":0.0524383337,"renowned":0.0,"requiring":0.0,"resilience":0.040723044,"resolve":0.0,"resource":0.0524383337,"reward":0.0,"rewarding":0.1048766675,"rewards":0.0,"richly":0.0,"ring":0.0,"risk":0.0,"role":0.1048766675,"roll":0.0,"satisfying":0.0,"scale":0.0,"secret":0.0524383337,"secrets":0.0,"seemingly":0.0,"sense":0.1221691321,"shadowed":0.0524383337,"shaping":0.0524383337,"shifting":0.0,"shortcut":0.0,"shortcuts":0.0,"showcasing":0.0,"shrouded":0.040723044,"significant":0.0,"simple":0.0,"skill":0.040723044,"solidifying":0.0,"souls":0.2621916686,"sound":0.0,"source":0.0524383337,"spectacular":0.0524383337,"spells":0.040723044,"sprawling":0.0,"stamina":0.0,"stands":0.0,"steeped":0.0,"story":0.0524383337,"storytelling":0.040723044,"strategic":0.040723044,"strategy":0.0,"strength":0.0524383337,"subgenre":0.0,"suit":0.0,"survive":0.0524383337,"swing":0.0,"sword":0.0,"tales":0.0,"tangible":0.0,"teetering":0.0524383337,"testament":0.040723044,"testing":0.0,"threat":0.0,"threatens":0.0524383337,"timing":0.0,"traditional":0.0,"tragic":0.081446088,"transforming":0.0524383337,"travel":0.0,"traverse":0.0,"triumph":0.1048766675,"twilight":0.0,"ultimately":0.040723044,"uncovering":0.040723044,"unforgiving":0.040723044,"unique":0.0,"unlike":0.0,"valuable":0.0524383337,"variety":0.0,"venturing":0.0,"victory":0.1048766675,"vigilant":0.0,"visually":0.0524383337,"weapons":0.040723044,"weaves":0.0524383337,"weigh":0.0,"wide":0.0524383337,"willingness":0.040723044,"world":0.2036152201}}