{"D1":{"ability":0.0822157779,"accomplishment":0.041107889,"achievement":0.0822157779,"action":0.0529338917,"adapt":0.0,"adaptability":0.0529338917,"adding":0.0529338917,"adds":0.041107889,"agency":0.0529338917,"agile":0.0529338917,"allows":0.0529338917,"ambiguity":0.0,"ancient":0.0,"approach":0.0,"area":0.0,"areas":0.041107889,"armor":0.041107889,"armored":0.0529338917,"array":0.0529338917,"art":0.0,"ashen":0.0529338917,"atmosphere":0.1058677833,"attack":0.0822157779,"balanced":0.041107889,"based":0.0529338917,"basic":0.0,"battles":0.0,"beautiful":0.0529338917,"bonfire":0.0,"bonfires":0.0,"boss":0.041107889,"brink":0.0529338917,"builds":0.041107889,"castle":0.0529338917,"casts":0.0,"celebrated":0.0529338917,"central":0.0529338917,"challenge":0.0,"challenges":0.0,"challenging":0.041107889,"chambers":0.0529338917,"character":0.041107889,"characters":0.041107889,"checkpoints":0.0,"choosing":0.0,"cinder":0.1058677833,"classic":0.041107889,"clues":0.0529338917,"colossal":0.0529338917,"combat":0.041107889,"complexity":0.0529338917,"core":0.0,"countless":0.0,"covenants":0.0529338917,"creates":0.0,"crowning":0.0529338917,"crumbling":0.0529338917,"cryptic":0.0822157779,"curiosity":0.0,"curious":0.0529338917,"customization":0.0529338917,"customize":0.0,"cyclical":0.041107889,"dark":0.0,"darkness":0.0529338917,"death":0.0,"decay":0.0529338917,"decaying":0.0,"decision":0.0,"deep":0.0529338917,"deeper":0.0,"deeply":0.0,"deliberately":0.0,"delve":0.0,"demanding":0.0529338917,"demands":0.0822157779,"depth":0.0,"descriptions":0.041107889,"design":0.0822157779,"despair":0.1058677833,"detailed":0.0,"details":0.0529338917,"dexterity":0.0529338917,"dialogue":0.041107889,"different":0.0,"difficulty":0.041107889,"direction":0.0,"discovering":0.0,"distinct":0.0529338917,"diverse":0.0529338917,"dodge":0.0,"dodges":0.0529338917,"early":0.0,"earned":0.1058677833,"elden":0.3480085315,"embrace":0.041107889,"encounter":0.0529338917,"encounters":0.041107889,"enemies":0.0529338917,"enemy":0.0,"ensures":0.0,"environmental":0.0822157779,"epic":0.041107889,"eschews":0.0,"evoke":0.0529338917,"experience":0.041107889,"explicit":0.0529338917,"exploration":0.041107889,"exposition":0.0529338917,"extinguish":0.0529338917,"fading":0.0529338917,"failure":0.041107889,"fallen":0.0,"fast":0.0,"fates":0.0529338917,"feel":0.041107889,"fights":0.0529338917,"finding":0.0,"flame":0.0822157779,"flexible":0.0,"focus":0.0529338917,"foes":0.0,"forcing":0.0,"forest":0.0529338917,"formidable":0.0,"fostering":0.0529338917,"fragmented":0.041107889,"fragments":0.0529338917,"game":0.2466473338,"games":0.0,"gaming":0.0,"genre":0.0529338917,"gods":0.0,"hard":0.0529338917,"hauntingly":0.0529338917,"heavily":0.0529338917,"hidden":0.041107889,"history":0.0822157779,"hollows":0.0529338917,"iii":0.0,"imitators":0.0,"imposing":0.0529338917,"impression":0.0529338917,"impressive":0.0,"inaccessible":0.0,"indelible":0.0,"inhabitants":0.0529338917,"inspiring":0.0,"interactions":0.0529338917,"interconnected":0.041107889,"interconnectedness":0.0,"interpret":0.0,"intricate":0.0822157779,"invite":0.0529338917,"inviting":0.0,"item":0.041107889,"items":0.0529338917,"join":0.0529338917,"kindle":0.0,"kingdom":0.0529338917,"labyrinth":0.041107889,"land":0.0,"landmark":0.0,"landscape":0.0,"lasting":0.0529338917,"layer":0.041107889,"learn":0.0,"learning":0.0,"leaves":0.0529338917,"leaving":0.0529338917,"left":0.041107889,"legendary":0.041107889,"level":0.0529338917,"life":0.0529338917,"like":0.041107889,"limits":0.0529338917,"lord":0.0529338917,"lordran":0.0,"lords":0.0529338917,"lore":0.041107889,"lothric":0.158801675,"lowly":0.0529338917,"making":0.0,"manage":0.0,"management":0.0529338917,"mark":0.0,"marvel":0.0,"master":0.0529338917,"masterclass":0.041107889,"masterful":0.0529338917,"mastery":0.0,"mechanics":0.0,"mid":0.0,"modern":0.041107889,"monumental":0.0529338917,"mystery":0.0529338917,"mystique":0.0,"narrative":0.041107889,"nature":0.041107889,"network":0.0,"new":0.0,"oblivion":0.0529338917,"offer":0.0529338917,"online":0.0529338917,"onslaught":0.0529338917,"open":0.0,"overcoming":0.0,"palpable":0.0529338917,"parry":0.0,"pathways":0.041107889,"patience":0.041107889,"patterns":0.0822157779,"permeates":0.0529338917,"perpetual":0.0,"perseverance":0.041107889,"philosophy":0.0,"piece":0.041107889,"place":0.041107889,"player":0.1233236669,"players":0.2055394448,"playing":0.0529338917,"playstyle":0.0,"playstyles":0.0529338917,"plunges":0.0529338917,"pose":0.0,"powerful":0.0,"precise":0.0529338917,"precision":0.0,"predecessors":0.0529338917,"preferred":0.0,"presence":0.0529338917,"previously":0.0,"profound":0.041107889,"progenitor":0.0,"progression":0.041107889,"punishes":0.0,"punishing":0.0,"pushing":0.0529338917,"reaching":0.0,"real":0.0,"realm":0.0,"recklessness":0.0,"reinforcing":0.0,"relentless":0.0529338917,"relying":0.0,"remain":0.0,"remains":0.0529338917,"renowned":0.0,"requiring":0.0,"resilience":0.041107889,"resolve":0.0,"resource":0.0529338917,"reward":0.0,"rewarding":0.1058677833,"rewards":0.0,"richly":0.0,"ring":0.3480085315,"risk":0.0,"role":0.1058677833,"roll":0.0,"satisfying":0.0,"scale":0.0,"secret":0.0529338917,"secrets":0.0,"seemingly":0.0,"sense":0.1233236669,"shadowed":0.0529338917,"shaping":0.0529338917,"shifting":0.0,"shortcut":0.0,"shortcuts":0.0,"showcasing":0.0,"shrouded":0.041107889,"significant":0.0,"simple":0.0,"skill":0.041107889,"solidifying":0.0,"souls":0.0,"sound":0.0,"source":0.0529338917,"spectacular":0.0529338917,"spells":0.041107889,"sprawling":0.0,"stamina":0.0,"stands":0.0,"steeped":0.0,"story":0.0529338917,"storytelling":0.041107889,"strategic":0.041107889,"strategy":0.0,"strength":0.0529338917,"subgenre":0.0,"suit":0.0,"survive":0.0529338917,"swing":0.0,"sword":0.0,"tales":0.0,"tangible":0.0,"teetering":0.0529338917,"testament":0.041107889,"testing":0.0,"threat":0.0,"threatens":0.0529338917,"timing":0.0,"traditional":0.0,"tragic":0.0822157779,"transforming":0.0529338917,"travel":0.0,"traverse":0.0,"triumph":0.1058677833,"twilight":0.0,"ultimately":0.041107889,"uncovering":0.041107889,"unforgiving":0.041107889,"unique":0.0,"unlike":0.0,"valuable":0.0529338917,"variety":0.0,"venturing":0.0,"victory":0.1058677833,"vigilant":0.0,"visually":0.0529338917,"weapons":0.041107889,"weaves":0.0529338917,"weigh":0.0,"wide":0.0529338917,"willingness":0.041107889,"world":0.2055394448}}