{"D2":{"ability":0.0324126793,"accomplishment":0.0324126793,"achievement":0.0324126793,"action":0.0,"adapt":0.0548794366,"adaptability":0.0,"adding":0.0,"adds":0.0648253587,"agency":0.0,"agile":0.0,"allows":0.0,"ambiguity":0.0548794366,"ancient":0.0548794366,"approach":0.0548794366,"area":0.0548794366,"areas":0.0324126793,"armor":0.0324126793,"armored":0.0,"array":0.0,"art":0.0548794366,"ashen":0.0,"atmosphere":0.0,"attack":0.0324126793,"balanced":0.0324126793,"based":0.0,"basic":0.0548794366,"battles":0.0548794366,"beautiful":0.0,"bonfire":0.0548794366,"bonfires":0.0548794366,"boss":0.0648253587,"brink":0.0,"builds":0.0324126793,"castle":0.0,"casts":0.0548794366,"celebrated":0.0,"central":0.0,"challenge":0.0548794366,"challenges":0.0548794366,"challenging":0.0324126793,"chambers":0.0,"character":0.0648253587,"characters":0.0324126793,"checkpoints":0.0548794366,"choosing":0.0548794366,"cinder":0.0,"classic":0.0324126793,"clues":0.0,"colossal":0.0,"combat":0.0324126793,"complexity":0.0,"core":0.0548794366,"countless":0.0548794366,"covenants":0.0,"creates":0.0548794366,"crowning":0.0,"crumbling":0.0,"cryptic":0.0324126793,"curiosity":0.0548794366,"curious":0.0,"customization":0.0,"customize":0.0548794366,"cyclical":0.0324126793,"dark":0.2086861305,"darkness":0.0,"death":0.0548794366,"decay":0.0,"decaying":0.0548794366,"decision":0.0548794366,"deep":0.0,"deeper":0.0548794366,"deeply":0.0548794366,"deliberately":0.0548794366,"delve":0.0548794366,"demanding":0.0,"demands":0.0648253587,"depth":0.0548794366,"descriptions":0.0324126793,"design":0.097238038,"despair":0.0,"detailed":0.0548794366,"details":0.0,"dexterity":0.0,"dialogue":0.0324126793,"different":0.0548794366,"difficulty":0.097238038,"direction":0.0548794366,"discovering":0.0548794366,"distinct":0.0,"diverse":0.0,"dodge":0.0548794366,"dodges":0.0,"early":0.0548794366,"earned":0.0,"elden":0.0,"embrace":0.0324126793,"encounter":0.0,"encounters":0.0324126793,"enemies":0.0,"enemy":0.1097588732,"ensures":0.0548794366,"environmental":0.0324126793,"epic":0.0324126793,"eschews":0.0548794366,"evoke":0.0,"experience":0.0648253587,"explicit":0.0,"exploration":0.0648253587,"exposition":0.0,"extinguish":0.0,"fading":0.0,"failure":0.0324126793,"fallen":0.0548794366,"fast":0.0548794366,"fates":0.0,"feel":0.0324126793,"fights":0.0,"finding":0.0548794366,"flame":0.0324126793,"flexible":0.0548794366,"focus":0.0,"foes":0.0548794366,"forcing":0.0548794366,"forest":0.0,"formidable":0.0548794366,"fostering":0.0,"fragmented":0.0324126793,"fragments":0.0,"game":0.3889521519,"games":0.0548794366,"gaming":0.0548794366,"genre":0.0,"gods":0.0548794366,"hard":0.0,"hauntingly":0.0,"heavily":0.0,"hidden":0.0324126793,"history":0.0324126793,"hollows":0.0,"iii":0.0,"imitators":0.0548794366,"imposing":0.0,"impression":0.0,"impressive":0.0548794366,"inaccessible":0.0548794366,"indelible":0.0548794366,"inhabitants":0.0,"inspiring":0.0548794366,"interactions":0.0,"interconnected":0.0648253587,"interconnectedness":0.0548794366,"interpret":0.0548794366,"intricate":0.0648253587,"invite":0.0,"inviting":0.0548794366,"item":0.0324126793,"items":0.0,"join":0.0,"kindle":0.0548794366,"kingdom":0.0,"labyrinth":0.0324126793,"land":0.0548794366,"landmark":0.0548794366,"landscape":0.0548794366,"lasting":0.0,"layer":0.0324126793,"learn":0.0548794366,"learning":0.0548794366,"leaves":0.0,"leaving":0.0,"left":0.0648253587,"legendary":0.0324126793,"level":0.0,"life":0.0,"like":0.0324126793,"limits":0.0,"lord":0.0,"lordran":0.2743971831,"lords":0.0,"lore":0.0648253587,"lothric":0.0,"lowly":0.0,"making":0.1097588732,"manage":0.0548794366,"management":0.0,"mark":0.0548794366,"marvel":0.0548794366,"master":0.0,"masterclass":0.0324126793,"masterful":0.0,"mastery":0.0548794366,"mechanics":0.0548794366,"mid":0.0548794366,"modern":0.0324126793,"monumental":0.0,"mystery":0.0,"mystique":0.0548794366,"narrative":0.0324126793,"nature":0.0324126793,"network":0.0548794366,"new":0.1097588732,"oblivion":0.0,"offer":0.0,"online":0.0,"onslaught":0.0,"open":0.0548794366,"overcoming":0.0548794366,"palpable":0.0,"parry":0.0548794366,"pathways":0.0324126793,"patience":0.0324126793,"patterns":0.0324126793,"permeates":0.0,"perpetual":0.0548794366,"perseverance":0.0324126793,"philosophy":0.0548794366,"piece":0.0324126793,"place":0.0648253587,"player":0.097238038,"players":0.194476076,"playing":0.0,"playstyle":0.0548794366,"playstyles":0.0,"plunges":0.0,"pose":0.0548794366,"powerful":0.0548794366,"precise":0.0,"precision":0.0548794366,"predecessors":0.0,"preferred":0.0548794366,"presence":0.0,"previously":0.0548794366,"profound":0.0648253587,"progenitor":0.0548794366,"progression":0.0324126793,"punishes":0.0548794366,"punishing":0.0548794366,"pushing":0.0,"reaching":0.0548794366,"real":0.0548794366,"realm":0.0548794366,"recklessness":0.0548794366,"reinforcing":0.0548794366,"relentless":0.0,"relying":0.0548794366,"remain":0.0548794366,"remains":0.0,"renowned":0.0548794366,"requiring":0.0548794366,"resilience":0.0324126793,"resolve":0.0548794366,"resource":0.0,"reward":0.0548794366,"rewarding":0.0,"rewards":0.1097588732,"richly":0.0548794366,"ring":0.0,"risk":0.0548794366,"role":0.0,"roll":0.0548794366,"satisfying":0.0548794366,"scale":0.0548794366,"secret":0.0,"secrets":0.0548794366,"seemingly":0.0548794366,"sense":0.097238038,"shadowed":0.0,"shaping":0.0,"shifting":0.0548794366,"shortcut":0.0548794366,"shortcuts":0.0548794366,"showcasing":0.0548794366,"shrouded":0.0324126793,"significant":0.0548794366,"simple":0.0548794366,"skill":0.0324126793,"solidifying":0.0548794366,"souls":0.2086861305,"sound":0.0548794366,"source":0.0,"spectacular":0.0,"spells":0.0324126793,"sprawling":0.0548794366,"stamina":0.0548794366,"stands":0.0548794366,"steeped":0.0548794366,"story":0.0,"storytelling":0.0324126793,"strategic":0.0648253587,"strategy":0.0548794366,"strength":0.0,"subgenre":0.0548794366,"suit":0.0548794366,"survive":0.0,"swing":0.0548794366,"sword":0.0548794366,"tales":0.0548794366,"tangible":0.0548794366,"teetering":0.0,"testament":0.0324126793,"testing":0.0548794366,"threat":0.0548794366,"threatens":0.0,"timing":0.0548794366,"traditional":0.0548794366,"tragic":0.0324126793,"transforming":0.0,"travel":0.0548794366,"traverse":0.0548794366,"triumph":0.0,"twilight":0.0548794366,"ultimately":0.0324126793,"uncovering":0.0324126793,"unforgiving":0.0648253587,"unique":0.0548794366,"unlike":0.0548794366,"valuable":0.0,"variety":0.0548794366,"venturing":0.0548794366,"victory":0.0,"vigilant":0.0548794366,"visually":0.0,"weapons":0.0324126793,"weaves":0.0,"weigh":0.0548794366,"wide":0.0,"willingness":0.0324126793,"world":0.2268887553}}